id,info,time_stamp,person_id
0,'nobedkvjftugfwtigrhgrenxallpppfgsummyqiucswkjnpraszhofmyxmlztevicnbqkoojljwhdqdzvcatdavxiybkruszbexc','2000-01-01 12:00:00',9
1,'epehgsyadxpoahqxltkfrqscwjocbmgfpjnidhugezksulwbsdndoekmbzcyjitluxqxgftvfhivzmawrwvzikbaojytcprlqurn','2001-01-01 20:00:00',3
2,'tzyahvcjkmowhdnztfgurfeaifycgdxexlmkcwenufdkilbxunssppjwhvpsgtmqjtxlepvykjbazyzgsmqoqbiraqdrchliovbn','2000-01-01 12:00:00',2
3,'vkhibjbshttqxpxsqwgepncskndzyykuecoemfijavwurrzfhylwypjcgjnvulxohambtrlczanemuxkflragvdmwitpqzooqdib','2000-01-01 12:00:00',14
4,'zirtjlhewmrulhsegzjxfqofxndbugmjicltcbngyyrardvobecqfwcbdvnanxhqgoqmskptufjxzadswvlhepsitvwkuyapmoyp','2000-02-01 13:00:00',1
5,'fmzvgwsaptocahqweunnlijrdrqsxcwuexmgjqmyrvayfytjmiozdgcuslpvtvjkhwknpfzoglibxcqbdifzsrledyxkptbohenb','2000-01-01 12:00:00',5
6,'rvpvzuavbgqqhycsugmpyzjxrkoahfxdhasjphkdxeciesywzytvonfjrkpfotanwggqmlldtlmiujwstmrefwnxzebbqidbcnkl','2001-01-01 20:00:00',7
7,'wacpvnbgcrwmpvuinxtoldeysqtsfxgjhuirbjsoligelnfplzedgffjqydavxqcanmiuuhzsczjqkptemmrvyzdaokwrtowxykk','2001-01-01 20:00:00',6
8,'sacjxaentjcwkwzvbkatwdzytybghiolrfqypiroegxuriyvlbpbdpmhfktvgkquuwsmzmoiqeqlenmgcnhauondzrfdjssvxfhc','2001-01-01 20:00:00',14
9,'twgqhzzvwazjosclkrmexuzhlankcsmbygaplhpbrtqjpnfdxdfencovqvtrunwsptqsleivjfoxachoykwbdymuymgxdefgjbir','2000-02-01 13:00:00',6
10,'skwierptvnmuwuhmodfrpfnpzuzbxhvwjjonoygvftcpkbkxvgsjbkgcaqsehgaqdaqlxzcxazdtihrtcsnrueilwiyqbojymled','2000-01-01 12:00:00',7
11,'keoogvlnfraxwhwkbpbfszdnwccjjkxzvpvylsprcftkxmsomuqezvuheqhtmsyatzgdueiftljwagyroiblxmgqcinudiqypjhd','2001-01-01 20:00:00',14
12,'afwuhbqdhkafvyjswdgtkztfjqxshkcevuqmunobnvxtwdxjucieypzgpoqoswbgoizctvjeeiplrfylhkimymmnxspzabrlarcl','2010-01-01 8:00:00',8
13,'tknrkiurdakxiotwcsluvpnopfntgxmzgjbsefdfzrekshotdgqhbvoabrxlqiumywmhjnquwzcwyxacevjljapyidbyegfqpslv','2000-02-01 13:00:00',10
14,'gpnkqjloewkwwxymnwlccpgvbtxmpovaiedofrzcsfoqhsxeufsybudzijadhumhygrvrutiltxmvrczjptnikbaqsefajglkhyb','2001-01-01 20:00:00',8
15,'eczssskaqitnelmzptobvjfrcluihmdmlnmjgkfalyyophsipcutkqnxdoubzzjvxrcgeybvhawghadjwwqderfinkrftouxgvqb','2010-01-01 8:00:00',5
16,'xsscrwcgnicylwrnpenvatvhhpycbfqwtuvlnagohzbqfjpjuefkjeuazkozbrqgfadekyorhlvxmgzdmdiqbstjlktymxixpsud','2000-02-01 13:00:00',9
17,'zfazklsvguyaagybkfjlbccnhdwmmgeosrtoptgfphuxfqwrzlndnqwdyxiitvpscrujiivoptekmqqcdnjlyxmebbjvwrheuaxo','2000-01-01 12:00:00',11
18,'xmyxjbswwltirovpnnkkjmrzywesqcyigjdloxdphimzqcufdavcvpkdeghpjrbhyafmahrcbvsqzbtgusugtlzkfeoaxnfltoqn','2010-01-01 8:00:00',0
19,'xhxgykdlvujwrzldegsquycpmjscumzomfworxnvgbgztclifepaqmaqovybvkutrinasnxiciptjqztlwhofypfnbhkdkebewsh','2001-01-01 20:00:00',13
20,'nyvjhkpontaqgipvdrwgqxgedzewllbsvhucdaulwpqdfufyqbhijkscjmoxnavwrbimarfnzogxxmmcbktyitlkyzezhtesofcp','2001-01-01 20:00:00',3
21,'edajllmqhvsxthxblevjgsbqewkfximhpqgyrfaozopxvnwzvrnpuescgiuabhuwdfljytycdakkqrmutkisnwozijbgmprftocn','2010-01-01 8:00:00',11
22,'lsouyvnxhhgjrugkinbwjqyqxnrvamnvuafylpxzkpdeccaityijgdehtdkprsiwbbjleospqtmmqxazgrublofdfmfvewzztwho','2010-01-01 8:00:00',9
23,'eavtwknjhzpzxmytthmyrbusccvvqljrxavjruwgcfidslbehfnijlpoouylsxwgyoebfkxkkqraogdpfnatszendiqdwgmqmzup','2000-02-01 13:00:00',4
24,'gvrixheydrexnctlhgvnpwjwypszftmrmyozhqqnaqvypfmgkkxskcdebjlmtgrqawofleibsnjlkvujuiicahsxtbuoodczfdzw','2010-01-01 8:00:00',2
25,'ciumdqlyqgsfreidetvhnqqkhicfebydgcswpoadhhtjfzixwpybwnrnkoxaeczglxwvvsjbzyoxuutbnrpmraktfgpvusoakmlj','2010-01-01 8:00:00',5
26,'ndbfqlcvpaweoxnankcprsnpqbvdctfxgdzjwbohmldzxeijtacitrwggkesryeqmlmuoibquhsskyfyzzvghyuxjpjmovutkfwi','2010-01-01 8:00:00',1
27,'gfszeyunwoqgrokdqbkmovtnguhpyhpxnixbtzkwairflfkiaxwvcaufvcdczsyrpamjglhsedojumbntlcpwbxjqemdjhvsryli','2000-01-01 12:00:00',6
28,'fcpdwrisedohhimtpxezdbudzvpwzhjilnbsfvyaonehnpxmktakfufybrqeqsakzjnyqgwgawucgrrikjblmuvtcxlymlogqtjx','2000-01-01 12:00:00',2
29,'ndzxrwekajveobcndoajfslycrvzmtrxfpkkzpfauvmgcundspxhgzbwkywusfbqxmqqpwlivcohiadhilsyyrugtlbjgeqtitej','2000-02-01 13:00:00',11
30,'cnkhenhivrrajgsoydwzzlbycxzweiupqcpubbkvjadftrqbolnhspdsjtdvkgilohsgnyqoxqevtekrgpmtxuflwyafmxiamcmf','2010-01-01 8:00:00',14
31,'wfcegxhlmnsybzimvoxhpnwryrxfekoxphbidclfaljzcsmqktkdwbioyuasuavynqvtlohqrpsdfevnrjukaectgubwgjiqmzpd','2001-01-01 20:00:00',4
32,'bsbflrkchxuyotuvaiwjgrltpbjdrcepdggqkxcwvmhsetlwazydbwgiypejzokuvjxxkepooidsnqhlzsymhrtnfvfqinnmumaq','2010-01-01 8:00:00',2
33,'ynyckskqukwfredgmfzthohosrqfezbmeufhwiqztypjwilqcdjivxspxcndippwabjxrjlzohvnugyrmgbxvmatselvgtancbdk','2001-01-01 20:00:00',9
34,'eprstamtmzzeicagufjzfoiqnbyoewknylpohrxbrhvdtgidmfwnbsljumugjenhkbdlvdzclysqwqcxoqatvxvcskiuwprfpgjx','2000-01-01 12:00:00',7
35,'seohyhwgnhiezxcmukxobslomfrpysaqnwzpzkkaidtfmtvucjwqqbiyphrgtcanvfndfoagvutjdguylmxvsjielpbkewrjdxrq','2000-01-01 12:00:00',8
36,'ohhgvvyqufirfhanaqbwppzggcitqgklamtimdbzlqkzexmlbrputnrrjpohsemvktdsycxxwoinwykxoyssvjawuedbeclduzfj','2000-01-01 12:00:00',6
37,'zitihmzaxnadalfyrrqpubnjuoqhlizkpitsebgsgykajdbckfcpgxhxnzowprsyefqsvubewjmonwwlovetfmjrdukvvhdmyclx','2000-01-01 12:00:00',4
38,'vjlzahbpezgdtcoadjvuraskcxwlqpxycahrfiymlpbznqkqbywqrjknhivuguensndfpemyogicmboetlidkwmzufftrjvsoghx','2001-01-01 20:00:00',3
39,'mhlesyphiotovtmnppardkagarknvxzqknubfmleyewcclbuqiausbgqxlvrgnyzotwdrythfjjssuiogzjecxfdcwfxpbqihvkm','2000-02-01 13:00:00',1
40,'ygzeipsywjrsqdvdammnvuqhjikcknyozdoatclyxzviexpwevcttmljbdmopwspkrohgkfbjlbucxaeqzffnrfxshwbqltuaugi','2001-01-01 20:00:00',14
41,'ngruaiwdyldseyhdkckwkybupqtefmdisorzuqcswlamynrkfhppoqgfoxnmmjhextibznicavxczuvljzalrfsbtthvxepbjjqg','2001-01-01 20:00:00',2
42,'fuomreepxurdrtdxjbnnaplnqpukdaxjabgvhpqzyhofosbuwmswmlegvyfixvhtckwyccfeivgqizhlatzogrbtkkqjdnslsmiz','2000-01-01 12:00:00',3
43,'euzqmupljzsbcsxorhxyfziwfmkrltufkobtyqrgexpygdhqtgsdgjsbmvnboazcmdjieqrudynwixnpcvjakhtfaewvkalvclnw','2000-01-01 12:00:00',13
44,'jnetnmdfwqvhmiipzckjpkarmbetzonuxbzotscvfdgqjhxaeutsqfympillkdserfrjhwwzlydihvaukwaygbcrscgvxogonyxb','2000-01-01 12:00:00',8
45,'xwyfimpniknsreaqctwyqwebhxeodhlaxbjfzxybuzlmpsjfgptcvkuizaccvrdhbfojdusotsgvivamzrehnnjggtyrwmokdqpq','2000-01-01 12:00:00',9
46,'tndrcpyltuxoqyeufdohamkvkrkpztjelmydwszvqfalscrexxiicegobkjqznmvpgsubjwyfgspahoicvdqlmhhjngtxzwwbnir','2000-01-01 12:00:00',5
47,'fztdqlanzzzmjeotylmjcygwopffkiehelhvwsxnbaxvrxcysibntfakorhkrcgdpjwptwkdyvucjggiuusorslqqxqadibvpmbh','2010-01-01 8:00:00',12
48,'xhstlcibsjxdogibwpkxqlzgmzjeawbliuvktmdhlhqrfofvfdznehgenwsrtyyjesupacvfrpkvcukqanwpyomnytziucagbmdx','2010-01-01 8:00:00',5
49,'npqkptmygcesvelgulmjtfyksoajaavadorxkcolomdqurfzblhvgwxnipivreknhrbbszwypjqsicebwdtzywdnxhuzqjixftmc','2001-01-01 20:00:00',11
50,'htkvadaggmafjqvzizipyqynfjexpsllwdwnbpdzuyohukhmstpsitfmuqodrgzjxkcwolbvcuglnfrqmcwkhecreiebynxtoajx','2000-02-01 13:00:00',10
51,'qjaeztycatscjqsczxniudzhkymklwhhaoepvdvemifxiwwxpthjptigmqgvnjrbdfrolsrunkxglblaguwmovbrnecqfkpysodz','2000-02-01 13:00:00',12
52,'rhezdltrhguwfdojmvbfapaqauxswnkhouaqinclszdymfqpskztgpcgvfumhxrkjbryjnmeekyecxbivtspocjwyniwtldxvozi','2001-01-01 20:00:00',8
53,'mwhlmcftlziavfbdhdcisvijrsoccjqyawrrnpunqueblxkyvxdzpolkxidwemkxonejgggrzzatvubptjmeqkpywsqnshbfhuag','2000-02-01 13:00:00',9
54,'qkxjrqpimeaqeldmovtfkpucmhtjvszwbrkfbnyduskwpbsmlvehrlwcurniggtgiybdhgnjyoxxeuctvjzpwfdnsizxyqfzacoh','2000-01-01 12:00:00',1
55,'chmuceultewgtvtxollfzqavmyhixpdjefsaupaofjgkpjqztvqxmwkgawruyxsnmforzsowqkdeycgpdbhdiynbkblrribzjncs','2001-01-01 20:00:00',9
56,'qqwjslfmikunnvrjiaqkoothwgzrepgrdovzxdvfduxrtkbqecgllcpfgszbuwtsxyjcyzmyhilbsnaybauekmpaoejpdwihcnmt','2010-01-01 8:00:00',7
57,'jxjfmfwasqqumlebreolbynniehtoufnpirdkwicagglsvrysrovzyakzbdoghjftqwvgvndhyhdixslzcxjkptbumcuxpztweqm','2000-02-01 13:00:00',3
58,'fnwtdxytwvmcepmgoievfespbqvvnjkxghxgnkalbjraqeiussmbihhayfpftpqlllukzinbcccdyrowxqdwhajmurdugjzrzzyk','2001-01-01 20:00:00',9
59,'mxqxbrzzucprbmpovugohvlkkdagywqztdhlhkjmsbbxzgaitwseyficddvuyiprtfqymknjguwltcsioepqnhxnefaalfeonjsv','2000-02-01 13:00:00',13
60,'utplwftjpquimpeavdbchxltcymoklruyszsljejekcyxyqgpxovverzwzxrchasfshbivziwdogmifrqanjbqddgonbfgknnutw','2001-01-01 20:00:00',0
61,'qgrcflsuivxkgotgtrwdseksnybbjvxpmqzqyuabjxgrtrtzucpdcneeydwbiylfqoaahhohkkfjslmpvezlpihunwmxvwnfmdzo','2001-01-01 20:00:00',4
62,'rnbxioouwuqcexybwrmcadisaavvpizxyazbhelyutgfqfybvmzojlpksohclhcengqpjqswwmvjgnfpdmnsettdkilrhukjkdrg','2000-02-01 13:00:00',14
63,'lqpaehiskuvfnudzylkxtfrtszhewmnjiammkuzysvlcdojxawxrgglpxgpajpooyznvhkrycfibvrjfcunosewdwecqbbqhqmgb','2010-01-01 8:00:00',11
64,'pnslpconvgzigoayijhkmcvnqwzxrlptfarxtqfutobqbzcjmfwmfsrddepjbyyhglvkyhhzdixrsebuiwqckaeeowuxnudgtkvl','2000-01-01 12:00:00',8
65,'jqknrjokmjqximytgbuioisxmpsyedarsfxnmqulyoeaqcblrbhkdbuveaafzkglcodgfvfwvcntwtjhunzxvwyhgpewplscrhiz','2010-01-01 8:00:00',2
66,'ywrscreovgqsuoukifypxcmwdrhpmnuiptbznbylamxxtwsgcfqxhdnkrfizjbaydluszejnpavqafblkvqhlhtmkgwgoeitvczj','2000-01-01 12:00:00',9
67,'divurbtdfggmgkxxoanjsymrrpmnfjiisyboxfyxeqehycehcocikhtbkqadcuhqtlznpujvjvklfwezgboqzlupswadvapnwrzm','2010-01-01 8:00:00',4
68,'wlavbrbkuyarkiuqxwqtujosvlwvxgpgdftlyjcxshkuhjszronnpcqzcnfmlpmsezzpmvkjqidxcfadbeenyiyawogmfhetogih','2000-01-01 12:00:00',12
69,'yhzfhsftuoqvuamyykacgcopqarszniepslrsmpvkdutmibubragxxljmwqhlfekghgnoxbfienwycxjojnwivjzrbdwtqelckdv','2000-01-01 12:00:00',5
70,'ycmaprxiojsyevwkmrplaczskvdgsvbfgeytgphhcaxcjldivfulszjnqudftgxwnbizoqwrrekbhozlytkodxhbfqnpmnjiamqe','2001-01-01 20:00:00',13
71,'belvjyybjdvlosqomdvscqnihmugxnxytpkkwzdakrjglnbufirqabfhparkcsetezrpoicwugtzzxomvnwhqgcxawhljitufepm','2000-02-01 13:00:00',0
72,'rexdjbrtjdhoovmgvkqnhsuwagsnovsezoliyceuhftafkykercsydztywfxzgmlquwzpcbvipjngdafxctqqaiprillmjkuhwbn','2001-01-01 20:00:00',9
73,'kdwyosghjrlyryfvamjincauwoldlgcwtspidznbrneshqwkxjuzbuqttxereqbvklfgicpajyzamunoxifexpmhovvhpcmfqdbz','2000-02-01 13:00:00',11
74,'mnopzyumiheucvkftyxuieklzcbklqxrpayvhbghlxfreydojnrgramzwhsvbcgfwxjpfqkqdsdtiwwjntgpbisjstuzcavmadno','2000-02-01 13:00:00',9
75,'rehcbrxazamzmhmkslucddigleiytwqsqdftpnvnqohcofysrbgtjwekygufjvjipmavwonzfkbljqageuphlwncytpxsbxvrkzd','2000-01-01 12:00:00',12
76,'jzxxrnablxceuufcvplgjtomnhfgokcrbgyqfmopdhvplfivejiklgizyrnuwhedhsqjtiskzwrucnyzqaqdkpxewwmdtybaosvm','2000-01-01 12:00:00',14
77,'xpeykpcboxvpcvzrhumdsbolgwbmsmlejjnwahcendnidfogomzdaetquvlzrhjqajvtyfgictuispkkkqwlaguwryxbifrsqtny','2000-02-01 13:00:00',12
78,'rdngjbsbvmefqxiysdoijkwppqqfpouavhtkxffriwzsgthzclxhpazwkxldjicowyargqvyyumelusotakmglezctndceunnhjr','2000-01-01 12:00:00',13
79,'ibbztdefajqluvmbswsqiclwfyillgbphkjpwemdqksezefnvomtuzvkftrjcqaxgoajpihtvrcrrydsnonoxwgpuagyxdcymzuh','2000-02-01 13:00:00',12
80,'gzswxvwpdjfcnsankyfapnaxuqjgxpdpqouluiveqyieeflohhiiztwdktbhxtfzgujgbsbcvnlmcdmmlvkjtqorzbswycmyeohk','2000-01-01 12:00:00',0
81,'pkynaqnshcxatubjtegzkqbxjydsowbayzjuowsnifihxvwfvqmjvlletheopzmbogkfvzdmuglpicgcqrcierdhkmrwputdsxyl','2010-01-01 8:00:00',3
82,'mwngejqtykxjnfclpwwvnlzvkidslzpqqemxrguroczofagytuthmrejuzhpausbwhnbygcoaxvdbhxlisrsdmbvdjaicqikpffo','2010-01-01 8:00:00',11
83,'qztzrlojarbbxubijswshvelkukcfcmwoimsgunmrqycjyadwkxpigzhlbcfqhyziypdvetpmtfoprwsuntxaxqnefklgeangohd','2000-02-01 13:00:00',4
84,'kzkqczefqotihmwwwnimexxmegruadyygndbtupwlpbjrnjunuyhqcpiqjdzbgloaffrpvrjsstzehtofksvhykcxdicbsmvallx','2000-02-01 13:00:00',14
85,'cnbouywydhjjxfwufjwoznvmkaiualrbmodegtlvarcqdptnqmhrichivazbxylzehqzewlovsfnuipygpkdkfkggpstcejbqmst','2000-02-01 13:00:00',2
86,'jbxgfajpcosdnqizcnumxytryuvyahfbwjmitmswohzihxvcstflddklxuowqdazihgorckkbfmnzvltekuqgwnepgvpyelqjeba','2001-01-01 20:00:00',2
87,'dnyfqydvnaeliqobmzqouvsfpeseiyewghpmakjcanrzwtfkxobnjzpgupfkkactcydhdwxovtgurzrjqsujlwhclhslrixitbbm','2010-01-01 8:00:00',1
88,'sctlodjhybkfmgquwaopsrrvtwydxebifagujlafnnpdrxmkhesyukitplfzpkdcoaxobgzxsqqrqbvninluvzwewjhcmgivehzc','2000-02-01 13:00:00',5
89,'deabzmyiskeklnqtunrjgvoghijvwmabnprhccpwsfnkezwomvyuxotigspyzodacvjbemprllflfgqhukadhxuczqyxwjtfxtqs','2000-02-01 13:00:00',13
90,'ibantckimzyjjcoyolgadquitgxmfhudulylbtbjpwjrrvaysppgvwezissqzewvtqrkwbmnfloxkshmfdcdrecxxhfevghnaqzp','2001-01-01 20:00:00',11
91,'trqomwaganncyoixwhzezzvckwjymjvhssdirdajrgloyskqgtdbmfqiexiplcdegkvwumuhlkcfjaobpnuxtnbruhseptqvzxyf','2000-02-01 13:00:00',11
92,'jnbqsyzukoislvjdfwdhemgpneemwkuulrijecrwvhsoojmftazpiurxbwtoqrghtdbyaazpmvqackgnkffclgslyhipbqydcvtx','2000-01-01 12:00:00',2
93,'pxnuzokgjnjfwsbqyewoxxddtcclvamnedhirrnqmxasudecfaphpgyifovkbuzkzfyymetlklzsjgwqiigutawsrptomvbjqbhv','2000-02-01 13:00:00',5
94,'mvtminyrfgshkvpuomlzncwddgjonxenodljthjkoueawyhcesdpyvftlkzbwckyrjqafxifipaxrquqamigesuzzwpgbqstbrxb','2000-01-01 12:00:00',3
95,'txtrrgdtgeekjjaydewmafyfszawpbrrmidldakbujvjnycpsvnzumzcolvbihygtlipuxnwqskniolzxkmhqcupgqscfwhboqov','2001-01-01 20:00:00',0
96,'txyapkjnyotbfvtdiagzcnhglmqqrzwvdjmbypscatnjuspuufyowxkloegfivzihidrxeakenwblmpchsqdrmfvblkuzcsoxhqr','2001-01-01 20:00:00',3
97,'rvueqbwjwqlwzhytcvofrxpfvkoqpnsmyjddaglzrcbgvuxgcsogiramzjfiwkmjonasmihdnyqpyptseubtllexkhfindtxeakc','2000-01-01 12:00:00',13
98,'uhbdykwdxhpkparzennfbfdxigywszetatfwqscqchrurvoemicvihmbynkkfxlooiuzadtozqlgjjsvjmwmpsunyjpgqvcralet','2001-01-01 20:00:00',3
99,'axjijhuwvfegqpwjqxviybyoldfpenrckzskksvmtuzkcfghuoltqrrdgtzlhsvacmbweyofadmxszrwcmlipxayhbgionqunpde','2010-01-01 8:00:00',11
